9770791684345,,Irish Independent newspaper
9770793927006,,Globus Newspaper in Russian (Israel)
9770818062026,,Time Magazine (Australia)
9770898894029,Â£3.50,Classic Trains
9770898894920,Â£4.50,Classic Trains
9770898894951,Â£3.95,Classic Trains
9770928843058,,TIME Magazine International Edition
9770928843065,,TIME Magazine International Edition
9770937353012,each,Anna Knitting and Needlecrafts July 1992
9770937361062,98 pages, letter size
9770950610109,,gay time magazine
9770951514130,,dj magazine
9770951946214,,The Independent - Monday (60p)
9770951946221,,The Independent - Tuesday (60p)
9770951946238,,The Independent - Wednesday (60p)
9770951946245,,The Independent - Thursday (60p)
9770951946252,,The Independent - Friday (60p)
9770951996011,50p,Football Echo
9770951996028,55p,Football Echo
9770952796146,Â£3.00,Viz
9770952796153,Â£3.20,Viz
9770953098225,85p,Bella
9770953098768,Â£1.70,Bella
9770953275145,,Country Walking (?3.10)
9770953275169,,Country Walking (?3.30)
9770953275176,,Country Walking (?3.40P
9770953456131,,Rail (?2.95)
9770954851263,Â£1.90,Amateur Gardening
9770954851270,Â£2.40,Amateur Gardening
9770954886173,,car book
9770954886180,Â£2.00,Auto Express
9770954886197,Â£2.20,Auto Express
9770954895205,87p,Best
9770954895212,89p,Best
9770954895663,Â£1.70,Best
9770954939213,Â£2.10,Thomas & Friends
9770954939954,Â£2.99,Thomas & Friends
9770955011192,Â£2.10,Mizz
9770955011208,Â£2.30,Mizz
9770955017248,Â£3.40,Marie Claire
9770955017897,Â£2.00,Marie Claire
9770955034184,,more magazine
9770955034191,Â£1.50,More
9770955034948,,More 80p
9770955034993,,More Magazine Featuring Coleen & Waynes Wedding Crisis
9770955119119,Â£3.99,Metal Hammer
9770955119126,Â£4.25,Metal Hammer
9770955121099,,flex magazine
9770955353261,,House Beautiful (?2.99)
9770955353292,a4,House Beautiful Magazine - June 2010
9770955491093,Â£5.20,What Bike?
9770955491994,Â£6.99,What Bike?
9770955493189,A4,Today's Golfer
9770955494193,,match magazine
9770955494209,Â£1.99,Match magazine
9770955494902,Â£4.99,Match
9770955495039,25g,Q- magazine April 1992 nirvana front cover
9770955495046,,Q Magazine
9770955495077,,Q Magazine
9770955495121,,Q Magazine
9770955495190,,q magazine
9770955495206,Â£3.99,Q Magazine
9770956138676,,Sunday Times Newspaper
9770956138775,,The Sunday Times
9770956341052,,BBC Sport F1 Season Preview
9770956349010,,BBC Golf 92 (?2.95)
9770956592065,,Old Glory - Vintage Restoration Today
9770956805011,,Daily Mirror - Monday (35p)
9770956805028,,Daily Mirror - Tuesday (35p)
9770956805035,,Daily Mirror - Wednesday (35p)
9770956805042,,Daily Mirror - Thursday (35p)
9770956805059,,Daily Mirror - Friday (35p)
9770956805226,,paper
9770956805240,,Daily Mirror Newspaper
9770956805356,,The mirror newspaper
9770956805813,,Daily Mirror Monday 38p
9770956805868,,mirror newspaper
9770956806063,,daily record
9770956806162,,daily record
9770956806421,,Daily Record Newspaper
9770956807176,,paper
9770956808272,,sport
9770957494238,N/A,Empire Magazine
9770957588036,,BBC Good Food Magazine (?1.10)
9770957588043,,BBC Good Food Magazine (?1.25)
9770957588234,Â£3.20,Good Food
9770957588241,Â£3.40,Good Food
9770957623621,,news paper
9770957623638,,daily star newspaper
9770957623645,,daily star newspaper
9770957623768,,Daily Star (date: saturday july 28th)
9770957662095,,Mixmag (?3.20)
9770957662101,,Mixmag (?3.50)
9770957662118,,Mixmag (?3.85)
9770957981011,,Doctor Who Magazine [?3.99]
9770957981028,Â£4.20,Dr Who Magazine
9770957981998,Â£4.99,Doctor Who Magazine
9770957985194,A4, 180 Grammes
9770958172777,,The Independent on Sunday
9770958333154,Â£2.20,North East Auto Trader
9770958333161,Â£2.60,North East Auto Trader
9770958505841,,the evening star
9770958983236,Â£0.78p,Take A Break (Issue 41)
9770958983243,80p,Take A Break
9770958983823,Â£1.55,Take A Break
9770959004084,,WSC - When Saturday Comes (?1.99)
9770959004091,,WSC - When Saturday Comes (?2.20)
9770959004114,Â£2.50,When Saturday Comes
9770959004121,Â£2.25,When Saturday Comes
9770959836104,,Select (?2.75)
9770959836111,,Select (?3.60)
9770959858120,,A west midlands newspaper (express and star)
9770959858342,,Express and Star
9770959973212,,Classic Car Weekly Â£2.20
9770959973229,,Classic Car Weekly Â£2.40
9770960101000,A4,Beezer and Topper Comic No1 (22nd September 1990)
9770960300038,,Vox
9770960300045,,Vox
9770960300052,,Vox
9770960300069,,Vox
9770960359104,Â£4.50,Best of Mayfair
9770960516002,,Commodore Format Magazine
9770960747024,,Audio Media (May)
9770960747123,,Audio Media (February)
9770961477180,Â£2.25,Disney & Me
9770961477975,Â£2.99,Disney & Me
9770961484089,,South London press
9770961747122,,Gardeners World (?2.60)
9770961747177,,BBC Gardeners' World (magazine) ?3.20
9770961747191,Â£3.50,Gardeners World
9770961747207,Â£3.60,Gardeners World
9770961798155,Â£3.99,Fast Bikes
9770961798162,Â£4.10,Fast Bikes
9770961853267,,What's On TV Magazine
9770961853298,,what's on tv
9770961853311,85p,what's on tv London/Anglia/Midlands
9770961853335,49p,what's on tv London/Anglia/Midlands
9770961854264,,whats on TV south/south west
9770961854295,47p,Whats on TV South/South East
9770961854318,85p,Whats on TV South/South West
9770961854332,49p,Whats on TV South/South East
9770961857227,,What's On TV North West
9770961857302,47p,Whats on TV Ulster
9770961857319,85p,Whats on TV Ulster
9770961857333,49p,Whats on TV Ulster
9770961859290,80 - 96 pages,what's on TV (television listings)
9770961859306,85p,Whats on TV Scotland/Grampian/Border
9770961859320,49p,what's on TV Scotland/Grampian/Border
9770961886159,A4,Radio Times (UK TV/Radio listings magazine)
9770961886166,,radio times
9770961886968,Â£2.20,Radio Times South/South West
9770961887125,,Radio Times
9770961887132,,Radio Times
9770961887156,,radiotimes
9770961887965,Â£2.20,Radio Times London/Anglia/Midlands
9770961892969,Â£2.20,Radio Times Ulster
9770961965953,Â£1.60,TV Quick Ulster
9770962092023,45p,Herne Bay Times
9770962093020,45p,Whitstable Times
9770962094027,55p,Faversham Times
9770962095000,55p,East Kent Gazzette
9770962097028,50p,Thanet Times
9770962099015,40p,Medway Standard
9770962126025,60p,Dover Express
9770962127022,60p,Folkestone Herald
9770962166311,Â£1.05,TV Times England
9770962166335,Â£2.20,TV Times England
9770962166342,Â£1.10,TV Times England
9770962170233,Â£1.05,TV Times Wales
9770962170240,Â£2.20,TV Times Wales
9770962170257,Â£1.10,TV Times Wales
9770962210243,Â£1.05,TV Times Ulster
9770962210250,Â£2.20,TV Times Ulster
9770962210267,Â£1.10,TV Times Ulster
9770962227111,,Manchester Evening News (30p)
9770962227418,A5,manchester evening news reds review
9770962227913,,Manchester Evening News (free)
9770962227937,,Manchester Evening News (free)
9770962246143,,Shout [?2.20]
9770962246150,,Shout magazine
9770962873004,,Lancashire Evening Telegraph
9770962873011,,Lancashire Evening Telegraph
9770962873028,,Lancashire Evening Telegraph
9770962873035,,Lancashire Evening Telegraph
9770962873042,,Lancashire Evening Telegraph
9770962873059,,Lancashire Evening Telegraph
9770962873066,,Lancashire Evening Telegraph
9770962988036,,Eastbourne Herald
9770963050008,a4 30 oz,terminator comic issue 1
9770963127960,Â£6.99,Doctor Who Special
9770963127977,Â£5.99,Doctor Who Special
9770963149269,,yorkshire post newspaper
9770963225512,,Yorkshire Evening Post - Monday (32p)
9770963225529,,Yorkshire Evening Post - Tuesday (32p)
9770963225536,,Yorkshire Evening Post - Wednesday (32p)
9770963225543,,Yorkshire Evening Post - Thursday (32p)
9770963225550,,Yorkshire Evening Post - Friday (32p)
9770963225567,,Yorkshire Evening Post - Saturday (32p)
9770963365119,,The Clitheroe Advertiser and Times (60p)
9770963790003,,Chorley Guardian (52p)
9770963883385,70 - 88 pages,Ayrshire Post (85p)
9770963886447,,City Life
9770963888069,,Jobs North West (?1.50)
9770963891175,,Barbie Â£2.50
9770963891960,,Barbie Â£1.99
9770963891977,Â£3.99,Barbie
9770963899034,,newspaper
9770964043009,A4,Lobster (Issue 53)
9770964096036,,Lancashire Evening Post (38p)
9770964100009,38p,Tuesday April 10
9770964134066,,Kentish Express - Folkestone
9770964138064,,Faversham News
9770964140050,60p,East Kent Mecrury
9770964489647,Varies,Wymondham and Attleborough Mercury local newspaper Norfolk
9770965424128,,Future Publishing - Nintendo Magazine
9770965496064,,Herald & Post Newspaper Luton and Dunstable
9770965692008,,BBC Vegetarian Good Food (?1.20)
9770966093156,Â£3.90,FHM
9770966093903,Â£2.50,FHM
9770966245036,,Wilts and Gloucestershire Standard
9770966353151,Â£2.70,Truck & Driver
9770966353168,Â£2.85,Truck & Driver
9770966427081,,BBC Focus magazine issue 188 April 2008
9770966427098,,BBC Focus
9770966718103,Â£4.50,BBC Music Magazine
9770966718110,Â£4.60,BBC Music Magazine
9770966811095,Â£3.99,Cross Stitcher
9770966811989,Â£4.99,Cross Stitcher
9770966849142,Â£1.45,Inside Soap
9770966849982,Â£1.60,Inside Soap
9770967338768,,evening times newspaper
9770967450156,Â£2.00,Auto Express Special
9770967450972,Â£2.99,Auto Express Special
9770967450996,Â£2.30,Auto Express Special
9770967471021,Â£2.15,Noddy
9770967471977,Â£2.60,Noddy
9770967471984,Â£2.65,Noddy
9770967559071,,arabic newspaper
9770967667080,,Top Sante (?2.20)
9770967985108,,Future Publishing - Games Master Magazine
9770968148168,,Homes and Antiques
9770968336060,,Racing Post Â£1.80
9770968336411,,Racing Post Â£1.70
9770968336428,,Racing Post Â£1.70
9770968336435,,Racing Post Â£1.70
9770968336442,,Racing Post Â£1.70
9770968336459,,Racing Post Â£1.70
9770968336565,,Racing Post Â£1.90
9770968336817,,Racing Post Â£1.60
9770968336824,,Racing Post Â£1.60
9770968336831,,Racing Post Â£1.60
9770968336848,,Racing Post Â£1.60
9770968336855,,Racing Post Â£1.60
9770968350219,47p,Whats on TV Wales/West
9770968350240,49p,Whats on TV Wales/West
9770968352237,,tv mag
9770968352268,47p,Whats on TV North West/Yorkshire/North East
9770968352299,85p,Whats on TV North West/Yorkshire/North East
9770968352312,49p,Whats on TV North West/Yorkshire/North East
9770968354200,Â£1.05,TV Times Scotland/Grampian/Border
9770968354217,Â£2.20,TV Times Scotland/Grampian/Border
9770968354224,Â£1.10,TV Times Scotland/Grampian/Border
9770968390093,,tv quick
9770968390956,Â£1.60,TV Quick Scotland
9770968575032,35p,Gravesend Reporter
9770968576039,50p,Dartford & Swanley Times
9770968691954,Â£1.60,TV Quick HTV
9770969756072,,Sussex Express - Newhaven
9770999660028,,wall street journal
9771002140056,,Geek Magazine
9771005198009,500 gram,Cosmopolitan Magazine
9771006341084,,parents
9771018817010,,oriental daily
9771018935004,1 lb,264 Mystery Magazine 2006/10 (Chinese Language)
9771018956009,,SACM
9771021936005,,Ajakiri  arvutimaailml
9771025118988,Newspaper,Trud (Work)
9771025525007,,9771025525007
9771026835112,Magazine,Potrebitel (Consumer)
9771027398005,Newspaper,Sem Dney (Seven Days)
9771027613009,about 99x11.5.,"interiort magazine
9771028053002,1,NAG Magazine
9771028406006,Newspaper,Obshchaya Gazeta (Common Newspaper)
9771028476009,Newspaper,Mir Novostey
9771028742128,Newspaper,Klakson
9771028967002,Newspaper,Novosti Razvedki i Kontrrazvedki (Reconnaissance and Secret Service News)
9771028995050,Newspaper,Vek (Age)
9771029450008,Newspaper,Financial Russia
9771029848003,Newspaper,Vremya MN (MN Time)
9771030266001,150 grams,Silicon Chip
9771032123067,Letter, 65pp
9771034102008,,TheSunday  Age Newspaper
9771035182009,,New Car Buyer
9771037240141,,Best Dressed Holdens
9771038343223,Tabloid,Herald Sun Newspaper 
9771038343261,Newspaper,"Herald Sunu
9771056348057,Â£1.00,National Enquirer
9771056348989,Â£1.49,National Enquirer
9771070470079,,vibe magerzen
9771075358037,0,Linux Journal (Comag Dec 07) - magazinecafe.co.uk
9771081471003,,Mad (?2.95)
9771120498008,Newspaper,Corriere della Sera
9771120608407,1 pcs,Messaggero Veneto - Newspaper
9771122198005,,PC Professionale - Rivista
9771122283008,,Internazionale - Rivista settimanale
9771125522005,settimanale periodico,la settimana enigmistica 
9771129425005,,Al volante rivista
9771138678003,,REVISTA  CASA AL DÃA
9771177019003,,Top Gear NZ No. 25 March  2008
9771177362000,A4,Gamefreaks Video Games Magazine
9771211049003,cca. 80pages, C4 size
9771217964003,,HVG (Gazdas?gi
9771233284802,,Wieczor z Rozrywka - Polish crossward puzzle
9771234029006,,Auto Åšwiat
9771304919008,,Radikal Gazetesi(newspaper)
9771305502001,Newspaper,Takvim
9771310309220,,vestnik
9771312006110,,Playboy magazine Bulgaria
9771319081332,,ALSHARK ALAWAST
9771319083060,,iqtisadiyya news paper
9771319085019,,magazine
9771319833061,,Arab Newspaper 
9771320419018,Jan 2009 Issue # 235,Just Bikes The Australian Bike Marketplace
9771321333016,,Just parts Magazine (Australian)
9771321787048,,Toowoomba Chrn WDay
9771322523126,,The Courier Mail Newspaper
9771322639001,300g,Dynamic Business Magazine
9771323700038,,Sports Monthly
9771324509005,60 Puzzles,Lovatts Handy Word Puzzles Wordhunt
9771326564019,,PC Powerplay
9771327881009,,Open Universities Australia 2007 Handbook
9771328299001,A3,Northern Argus newspaper
9771329307002,,Australian Men's Health Magazine
9771329650009,,Australian South West Fishing Magazine - Summer 2006
9771350159045,,Edge Magazine December 2008
9771350198129,Â£3.75,Crafts Beautiful
9771350198136,Â£3.99,Crafts Beautiful
9771350639004,,China Economic Review
9771350962140,,magazine
9771351019003,,Mojo
9771351019041,,Mojo
9771351019072,,Mojo
9771351019089,,Mojo
9771351019096,,Mojo
9771351120112,Â£3.50,Classic Car Mart
9771351120129,Â£3.70,Classic Car Mart
9771351195004,35 page booklet,Mini Adventure Comic - Mississippi Smith & The Pharohs Curse
9771351200968,Â£2.20,Radio Times Scotland
9771351201156,,Radio Times 9-15 August 2008
9771351201965,Â£2.20,Radio Times NW/Yorkshire/NE
9771351271104,?1.90,Take A Break's Puzzle Selection
9771352190022,65p,Sevenoks Chronicle 
9771352192026,65p,Sevenoks Chronicle - Westerham
9771353187014,Â£3.99,Attitude magazine
9771353393231,,Leicester Mercury
9771353393262,,Leicester Mercury Newspaper
9771354553009,,Personal Computer World - DVD Edition
9771354592046,1x,Grace Magazine
9771355027080,,Four Four Two (?3.20)
9771355086230,800g,bellshill speker
9771355398005,Newspaper,Guernsey Press
9771355425107,,Zest (?2.80)
9771355425169,Â£3.40,Zest
9771355425992,Â£4.10,Zest
9771355504055,,Total Guitar (?4.99)
9771355829110,Â£2.60,Autocar
9771355829882,Â£2.60,Autocar
9771355829967,Â£3.99,Autocar
9771356463108,,top of the pops magazine
9771356463955,Â£2.85,Top of the Pops
9771356463979,Â£2.99,Top of the Pops Magazine
9771356463986,,Top of the Pops magazine
9771356743118,,men's health magazine
9771356743125,Â£3.95,Men's Health
9771356743132,Â£3.99,Men's Health
9771356774006,,Mute (magazine) ?8.00
9771357388042,Â£4.99,Star Trek Magazine
9771357388066,Â£3.99,Star Trek Magazine
9771357553129,Â£1.99,Girl Talk
9771357553921,Â£2.99,Girl Talk
9771357553945,Â£2.75,Girl Talk
9771357753994,,BLISS Magazine
9771357850006,16.5cm x 13cm x 0.6cm,The Waterstones Magazine - Summer 1995
9771358365653,,Scottish Daily Mail Newspaper
9771358586911,,Scottish Daily Express Newspaper
9771358588519,,Daily Star Of Scotland Newspaper
9771358588533,,Sun Paper
9771359177378,,Racing Post Â£1.80
9771359177576,,Racing Post Â£1.70
9771359423123,,That's Life (68p)
9771359423888,Â£1.35,That's Life
9771359502057,,Prospect (?3.99)
9771359561085,Â£1.70,Popular Wordsearch
9771360277074,,newspaper
9771360520071,Â£1.99,Spectacular Spiderman Adventures
9771360520088,Â£2.25,Spectacular Spiderman Adventures
9771360520910,Â£2.50,Spectacular Spiderman Adventures
9771361297033,,Computing (?2.60)
9771361905501,,Market Trader (50p)
9771362288108,Â£1.95,Ok! Magazine
9771362288115,Â£1.99,OK! Magazine
9771362288184,,magazine
9771362288191,Â£2.60,Ok! Magazine
9771362504017,Â£3.99,Power Station
9771362504024,Â£2.89,Power Station
9771362860083,Â£2.70,Prima Baby
9771362860090,Â£2.80,Prima Baby
9771364076024,,Art Arrack Â£2.25
9771364076031,,Art Arrack Â£2.50
9771364264070,,T3 - The Worlds No.1 gadget magazine
9771364264087,,t3 magazine
9771364395040,,A-Z of calories
9771364596102,,bizarre magazine
9771364596126,,Bizarre magazine (May 2009)
9771364743100,,New Statesman (?2.50)
9771364895007,210mm x 297mm,Playstation Pro Magazine
9771364963119,,Stuff Magazine (haymarket)
9771364963126,,stuff magazine
9771365497057,,.Net (?5.99)
9771365595012,Â£5.99,Girls of FHM
9771365686161,,New magazine
9771365686208,Â£1.30,Now
9771365686215,Â£1.40,Now
9771365686239,Â£1.80,Now
9771365827069,Â£3.99,What Car? Price Guide
9771365827076,Â£4.50,What Car? Price Guide
9771365827083,Â£4.75,What Car? Price Guide
9771365827090,Â£4.25,What Car? Price Guide
9771365829087,Â£2.70,The Simpsons Comic
9771365829971,Â£2.70,The Simpsons Comic
9771365829988,Â£2.99,The Simpsons Comic
9771366691089,A4 <700g,Radio Controlled Car Racer July08
9771367035011,,National Rail Timetable (?12.00)
9771367035028,,National Rail Timetable (?12.00)
9771367035035,,National Rail Timetable (?12.00)
9771367035042,,National Rail Timetable (?12.00)
9771367082084,,MBR - Mountain Bike Rider (?3.95)
9771367166029,,Practical Family History (?1.90)
9771367166081,,Practical Family History (?3.00)
9771368072015,,Uncut
9771368072022,,Uncut
9771368072039,,Uncut
9771368072060,,Uncut
9771369182041,,Kitchen Garden (?2.90)
9771369338103,,Teletubbies Â£2.50
9771369338998,,Teletubbies Â£2.75
9771369900195,,tv and satellite
9771369900232,Â£1.20,TV & Satelitte England/Wales
9771369900263,Â£2.30,TV & Satelitte England/Wales
9771369900270,Â£1.30,TV & Satelitte England/Wales
9771369905190,Â£1.20,TV & Satelitte Scotland
9771369905213,Â£2.30,TV & Satelitte Scotland/Northern Ireland
9771369905220,Â£1.30,TV & Satelitte Scotland
9771392492001,,cosmo
9771393351116, Broadsheet newspaper,Irish Times
9771393351338,,The Irish Times (daily newspaper)
9771393351369,,the irish times
9771393955567,,irish examiner newspaper
9771406058001,,Ajakiri Kroonika
9771406098007,,Ajaleht Postimees
9771406383028,,Ajakiri  TM kodu & ehitusu
9771422999005,,tages anzeiger
9771422999104,,tages-anzeiger
9771442037008,,Puzzle Wizard's World of Crosswords
9771442952011,,The Sunday Times
9771444899000,,ATOMIC Magazine
9771444955003,,computer magazine
9771445417012,,Nintendo Gamer
9771445748000,,AUDI Magazine - Australia 02/2009
9771450928008,,RAZONODA enigmatska 
9771460641041,Â£1.85,Tom & Jerry Comic
9771460641058,Â£2.20,Tom & Jerry Comic
9771460642024,,Leeds Guide (?1.50)
9771460642031,,Leeds Guide (?1.70)
9771460680033,,Digital Photo Magazine Issue 110 December 2008
9771460832067,,Tramways & Urban Transit (?3.00)
9771460942117,,Stockport express news paper
9771461131084,UK,Red magazine
9771461131107,Â£3.50,Red
9771461386002,,PC Strategies
9771461481073,Year 2006,HairStyles Only Magazine Issue
9771461523087,,Good Homes (?2.99)
9771461523117,Â£2.99,Good Homes
9771461523124,Â£3.20,Good Homes
9771461621011,,Computer Active (?1.20)
9771461621042,,Computer Active Magazine
9771461621097,,computer active
9771462188087,Â£3.75,Bus & Coach Preservation
9771462188094,Â£3.85,Bus & Coach Preservation
9771462359029,45cm x 30 cm x 1cm ,cross stitch magazine
9771462447177,,Friday Lynn News
9771462734123,Â£1.99,Disneys Princess
9771462734949,Â£3.99,Disneys Princess
9771462734956,Â£2.99,Disneys Princess
9771463074051,Â£2.99,Rugrats
9771463074976,Â£3.75,Rugrats
9771463139002,,magazine
9771463139941,Â£2.50,Girl!
9771463139958,Â£2.75,Girl!
9771463139972,Â£2.25,Girl!
9771464278106,,evo magazine
9771464405113,,Front Magazine (UK)
9771464488093,,Kent Express - Romney
9771464862015,,Cookbook (?1.50)
9771465018022,,Rock Sound (?2.99)
9771465440076,,Hip-Hop Connection (?3.50)
9771465626050,,heat magazine
9771465626821,A4 / 0.6kg,Heat Magazine
9771465643095,Â£3.90,Mens Fitness
9771465643101,Â£3.90,Mens Fitness
9771466101112,issue 151,Bob the builder magazine
9771466247025,,Traditional Boats & Tall Ships
9771466356055,,Heritage Railways (?3.35)
9771466382016,,PC Pro
9771467064041,,pc format magazine
9771467407183,Â£3.50,Womans Weekly Lifestyle Series
9771467407190,Â£1.95,Women's Weekly Home Series
9771467407206,Â£1.90,Womans Weekly Lifestyle Series
9771467409132,Â£2.99,Woman's Own Lifestyle Series
9771467409149,Â£1.90,Woman's Own Lifestyle Series
9771467680005,,Buffy The Vampire Slayer Magazine
9771467702134,,Tv choice
9771467702967,85p,TV Choice HTV
9771467705968,85p,TV Choice Ulster
9771467708969,85p,TV Choice Scotland
9771467779051,A4 (approx 120 pages),Japanese Perofrmance Magazine
9771468173100,Â£2.25,Play & Learn Thomas the Tank Engine
9771468173971,Â£2.99,Play & Learn Thomas the Tank Engine
9771468404044,,All About Soap (?1.35)
9771468404075,Â£1.50,All About Soap
9771468404082,Â£1.60,All About Soap
9771468421010,Â£3.99,Guide To 6 Nations 
9771468635011,,hertordshire life magazine
9771468751018,50p,Kent Messenger - Sittingbourne
9771469855043,Â£3.60,BBC History
9771469855050,Â£3.80,BBC History
9771470272082,Â£2.30,Go Girl
9771470272945,Â£3.99,Go Girl
9771470272952,Â£2.99,Go Girl
9771470272969,Â£2.75,Go Girl
9771470287079,,Ealing Times Newspaper
9771470297016,,The Culm Valley Gazette
9771470423019,,Linux Format (?5.99)
9771470438013,~11x9in,3D World Magazine #99 January 2008
9771471447038,Â£5.99,Kerrang! Special
9771471448011,,Mojo Collection
9771471567026,Monthly (Jan - Dec),Linux Magazine - A magazine for Linux users - www.linux-magaine.com
9771471610029,Â£3.99,Pokemon World
9771471610999,Â£4.99,Pokemon World
9771471739027,,PC Advisor Magazine (UK)
9771471753016,,pc zone magazine
9771472016073,,In Style magazine
9771472016080,,inside
9771472275500,90p,KM FreeAds
9771472368035,Year 2004,COSMO Girl Magazine Ocotber
9771472368042,Year 2006,COSMO Girl Magazine January
9771472368059,Year 2007,COSMO Girl Magazine January
9771472395000,Â£1.95,Womans Weekly Puzzle Special
9771472521317,,Evening Standard Newspaper (UK)
9771472524332,,Evening Standard
9771472592034,,daily mail ski&snowboard magazine
9771472616075,,Glamour mag
9771472754012,,ELLE Girl Magazine
9771473025036,,Micro Mart (?1.80)
9771473025043,,Micro Mart - 2005
9771473025050,1 Magazine,Micromart
9771473025067,,micro mart magazine
9771473709004,,Web User (99p)
9771473709103,,WebUser Issue 141 3-16 August 2006
9771473709110,,WebUser Magazine (UK)
9771473861047,Â£1.60,Ad Trader
9771473924216,52x41x82mm,Sentey Flex RJA-2421C Micro ATX Computer Case with LCD Display & 450W 20+4 Pin PSU
9771473924223,52x41x82mm,Sentey Flex RJA-2421D Micro ATX Computer Case with LCD Display & 450W 20+4 Pin PSU
9771473967053,,TWO Wheels Only Magazine January 2009 3.95
9771473968012,,Linux Format - Issue 101 - January 2008
9771474139077,,total vauxhall magazine
9771474151017,,Ultimate Real Robots magazine series
9771474185029,book,take a break wordsearch collection
9771474187436,Newspaper.,The Argus - printed and published by Newsquest media (Southern) Ltd.
9771474411067,Â£2.85,Puzzle Annual Special
9771474411074,Â£2.90,Puzzle Annual Special
9771474422001,,simpson comic
9771474573000,A4 34pp,Headmap Manifesto by Ben Russell (http://bit.ly/headmap-manifesto)
9771474614000,,newquay voice paper - 45p
9771474640061,Â£3.60,Ideal Home Christmas Special
9771474740051,,magazine
9771475141017,,pda essential
9771475275040,Â£1.99,Dinosaur Attack
9771475275989,Â£2.50,Dinosaur Attack
9771475391009,Â£5.99,Worlds Fastest Cars
9771475971010,,Entrain
9771476280043,Â£2.10,Animals & You
9771476280050,Â£2.20,Animals & You
9771476280999,Â£2.99,Animals & You
9771476490008,,NME Special
9771476571073,,Disney Girl Â£1.99
9771476571998,,Disney Girl Â£2.50
9771477172019,,digital
9771477313016,,Mid Devon Star
9771477354040,Â£2.99,Lucky Bag Comic
9771477354057,Â£3.75,Lucky Bag Comic
9771478078013,Year 2007,CLOSER Magazine
9771478078020,,magazine
9771478078037,Â£1.30,Closer
9771478078945,Â£1.80,Closer
9771478216040,Â£2.50,Toxic
9771478216965,Â£3.99,Toxic
9771478216989,Â£2.99,Toxic
9771478439067,Â£3.20,Good Food Home Cooking
9771478439074,Â£3.40,Good Food Home Cooking
9771478556375,,Daily Star Of Scotland Sunday Newspaper
9771479047148,Â£1.90,My Weekly Special
9771479047155,Â£2.70,My Weekly Special
9771479047162,Â£1.99,My Weekly Special
9771479223009,,Railways Illustrated (?3.25)
9771479705055,,Time Out Magazine
9771479792000,90p,Now
9771479792048,20g,Magazine titled NEW Main Headline Posh My Body Hang-ups
9771479792086,,new magazine
9771479792093,85p,Now
9771513608014,,gourmet cuisine -magazine
9771519374005,Win95-98 or compat. mode,CD-EXPERT Grand-Prix Challenge Game CD
9771519376498,Win98/Me or compat. mode,CD-EXPERT Pinball Collection Game CD
9771529522007,,mamazon
9771536531030,,KING MAGAZINE
9771560258026,,Igromania Magazine
9771560543009,,Lisa Magazine
9771560978009,Newspaper,Versty
9771561019008,Newspaper,Scanword-Bazaar
9771561767008,Newspaper,Dvoe (Couple)
9771562469000,,FHM MAGAZINE RSA
9771562510009,Magazine,Playboy Russia
9771562736003,Newspaper (A4),Ghelty Scanword (Yellow Scanword)
9771562740000,Newspaper,AS-Crossword
9771562745005,Newspaper,Skandiya
9771562746002,Newspaper,AiF Na Dache
9771562747009,Newspaper,AiF Lubov (AiF Love)
9771562753406,Newspaper,AiF Syperzvezdy (AiF Superstars)
9771562753468,Newspaper,AiF Subbota Voskresenie (AiF Saturday Sunday)
9771562754120,Newspaper,AiF Razbor (AiF Trial)
9771562755004,Newspaper,AiF Zdorovie (AiF Health)
9771563231002,Newspaper,Skandaly i Sekrety (Scandals & Secrets)
9771563232009,Newspaper,Vse Kanaly TV (All TV Channels)
9771563233006,Newspaper,Drug Doma (Home's Friend)
9771563251000,Newspaper,Favorit
9771563381004,Nespaper,Chastnaya Zhizn (Private Life)
9771563384005,Newspaper,Taynaya Vlast (Secret Power)
9771563385002,Newspaper,Zhenskye Dela (Women's Affairs)
9771563389000,Newspaper,Scanword-Show
9771563448035,Magazine,Kruto (Cool)
9771565294012,,Haretz news
9771587202576,,vasarnapi blikk
9771592966302,,alto adige newspaper
9771605507003,Newspaper,Zolotaya Rybka (Golden Fish)
9771605591002,Newspaper,Shpargalka (Crib)
9771605592009,Newspaper,Angichanka (English Woman)
9771605595000,Newspaper,Bogatyr (Epic Hero)
9771605596007,Newspaper,Semechki (Seeds)
9771605605006,Newspaper,Katavasiya (Confusion)
9771605608007,Newspaper,Zagadochnaya Gazeta (Mysterious Newspaper)
9771605884005,Newspaper,Vremya Novostey (News Time)
9771606712000,Newspaper,Almanakh Skanvordov (Scanword Anthology)
9771606713007,Newspaper,V Mire Skanvordov (World Of Scanwords)
9771607254004,Magazine,TV Parade
9771607272008,Magazine,Vse Zvevdy (All Stars)
9771608676003,Magazine,Televisor (TV set)
9771608677000,Magazine,Serial
9771609421008,Magazine,Chip (Russia)
9771643826609,,dobre rady
9771649430145,,Irish daily star
9771660968900,,Il CaffÃ¨
9771665232020,,tvnotas magesine
9771680069007,Newspaper,Zolotaya Fish'ka (Golden Counter)
9771680469005,Magazine,Upgrade
9771680679008,Newspaper,Vecherny Peterburg
9771680952002,Newspaper,Novy Krokodil (New Crocodile)
9771681240009,Newspaper,Japan Crosswords
9771681242003,Newspaper,Jam Anecdote
9771681244007,Newspaper,Sensatsii Mira (World's Sensations)
9771681361001,Newspaper,Gazeta (Newspaper)
9771682513003,,Popular Mechanics Magazine - July 2007
9771682720005,Newspaper,MK Mobil
9771684401001,Newspaper,Lubovnye Istorii (Love Stories)
9771684437024,Newspaper,Za Rulem Tula
9771684437031,Newspaper,Za Rulem
9771686430016,,COSMOPOLITAN MAGAZINE THAILAND
9771726534001,Magazine,Bravo International
9771726605039,Newspaper,Bolshiye Babki (Big Money)
9771726606036,Newspaper,Obmen Valut (Currency Exchange)
9771726705005,,ray magazine
9771727708005,Newspaper,Kstati...
9771728463002,Newspaper,Kostromskaya Narodnaya Gazeta
9771729392004,Newspaper,Voenno-Promyshlenny Courier
9771736089003,,Miki Hiir Disney Eriv?ljaanne XV Aastak?ik TALV 2006
9771736269016,,Ajakiri Digi
9771736530017,,Ajakiri  maatriksk
9771736551012,A4,Ajakiri Golf
9771740111011,Â£2.25,Scooby Doo
9771740111905,Â£2.75,Scooby Doo
9771740111912,Â£2.50,Scooby Doo
9771740278004,,Icreate Magazine UK
9771740780323,,evening news
9771740851061,Â£1.60,Zoo Weekly
9771740851078,Â£1.70,Zoo Weekly
9771740851948,Â£1.20,Zoo Weekly
9771740851955,Â£1.90,Zoo Weekly
9771741930888,Â£1.99,Total TV Guide Wales
9771741931885,Â£1.99,Total TV Guide Scotland
9771741954044,,magazine
9771741974523,,The Independent (Tuesday) (70p)
9771741974530,70p,Independent Wednesday
9771741974547,,Independent Thursday 70p
9771741974561,?1.30,The Independent Saturday Edition
9771741974912,,The Independent (Monday) (80p)
9771741974950,,independent uk
9771742315011,Game Magazine,RETRO GAMER
9771742349009,Â£1.99,Play Box
9771742349993,Â£2.50,Play Box
9771742498516,Â£1,The Times
9771742498523,Â£1,The Times
9771742498530,Â£1,The Times
9771742498547,Â£1,The Times
9771742498554,Â£1,The Times
9771742498813,,times
9771742498820,,the times
9771742498837,,The Times  Newspaper
9771742498912,Monday,The Times Newspaper - London
9771742498929,90p,The Times
9771742498936,,times newspaper
9771742498943,,the times
9771742498950,90p,The Times
9771742730104,Â£2.95,Bride & Groom
9771742885101,,nuts magazine
9771742885125,Â£1.70,Nuts
9771742885965,Â£1.90,Nuts
9771743245034,,Cumbria
9771743456041,,Staines & Egham News
9771743457048,,Staines & Ashford News
9771743569000,,Gardenlife
9771743802985,Â£3.99,Stargate
9771743802992,Â£4.99,Stargate
9771744033029,40p ,South Wales evening post news paper
9771744854969,Â£2.25,Early Learning Favourites
9771744854983,halloween,magazine
9771744857007,,liberal
9771745143048,99p,Reveal
9771745143857,Â£1.50,Reveal
9771745143994,Â£1.40,Reveal
9771745187011,,Grow Your Own - Fresh food from your garden (magazine) ?3.25
9771745187028,,Grow Your Own - Fresh food from your garden (magazine) ?3.35
9771745187035,,Grow Your Own - Fresh food from your garden (magazine) (Â£3.45)
9771745466024,Â£2.70,Spongebob Squarepants
9771745466987,Â£2.99,Spongebob Squarepants
9771745616009,,Practical Web Design Magazine
9771745932956,Â£1.60,TV Quick South
9771745934967,85p,TV Choice South
9771745956037,,magazine
9771745956044,Â£1.95,Grazia UK
9771745956877,Â£2.95,Grazia UK
9771745956990,Â£1.00,Grazia UK
9771745981015,,video game
9771746052011,,Lancashire Telegraph - Monday (35p)
9771746052028,,Lancashire Telegraph - Tuesday (35p)
9771746052035,,Lancashire Telegraph - Wednesday (35p)
9771746052042,,Lancashire Telegraph - Thursday (35p)
9771746052059,,Lancashire Telegraph - Friday (35p)
9771746052066,,Lancashire Telegraph - Saturday (35p)
9771746052110,,Lancashire Telegraph (38p)
9771746056057,68p,Pick Me Up
9771746056910,Â£1.45,Pick Me Up
9771746561032,Â£1.99,Dora the Explorer
9771746561971,Â£2.99,Dora the Explorer
9771746864966,Â£2.20,Radio Times Wales
9771746890033,Â£5.99,What Car? New Price Guide
9771746890040,Â£6.50,What Car? New Price Guide
9771746926015,,Kent & Sussex Courier - Weald
9771746929016,,Kent & Sussex Courier - Paddock Wood
9771746930012,,Kent & Sussex Courier - Tonbridge
9771746931026,65p,Kent & Sussex Courier - Tunbridge Wells
9771747113087,,TV EASY  Tv-Guide
9771747113209,,tveasy magazine
9771747113230,85p,tv easy magazine England
9771747113247,Â£1.10,tv easy magazine England
9771747114183,85p,tv easy magazine Scotland/Wales
9771747437046,Â£2.15,Fifi & the Flowertots
9771747437978,Â£2.65,Fifi & the Flowertots
9771747437992,Â£2.50,Fifi & The Flowertots
9771747475451,,Express and star news paper
9771747683016,,xbox 360 magazine
9771747795009,,Sudoku Puzzles (?1.90)
9771747810030,Â£2.89,360 Gamer
9771747810047,Â£2.99,360 Gamer
9771748300011,,Who Wants To Be A Millionaire Puzzle Magazine (?1.95)
9771748773013,,Okehampton Times
9771748930003,,Imagine FX Magazine
9771749309037,Â£2.25,Fireman Sam
9771749309983,Â£2.75,Fireman Sam
9771749336040,Â£5.99,Sudoku Yearbook 2010
9771749405005,,Kakuro (?2.00)
9771749848017,Â£1.99,Cbeebies Comic
9771749848987,Â£2.25,Cbeebies Comic
9771749848994,Â£2.75,Cbeebies Comic
9771749999016,,Love it magazine
9771749999023,A4,love it celebrity gossip magazine
9771749999054,issue 136,love it! mag 
9771749999733,,magazine
9771749999764,,Love it - Magazine
9771749999986,99p,Love It!
9771749999993,50p,Love It!
9771750171012,Â£2.10,Doctor Who Adventures
9771750171982,Â£2.99,Doctor Who Adventures
9771750237039,Â£3.99,Just 18
9771750237954,Â£5.00,Just 18
9771750447001,,Enjoy Your Bike (?3.20)
9771750858005,,airsoft international magazine
9771751050019,,The North West Enquirer (?1.00)
9771751124000,,First
9771751165836,,Manchester Evening News (Free City Centre Edition)
9771751165843,,Manchester Evening News (Free City Centre Edition) (Thursday)
9771751165850,,Manchester Evening News (Free City Centre Edition)
9771751196014,,yu gi oh magazene
9771751391006,,NGamer
9771751440018,Â£2.70,Transformers Comic
9771751440995,Â£2.99,Transformers Comic
9771751627259,,liverpool echo paper
9771751627327,146g,Liverpool Echo Newspaper
9771751898031,Â£3.99,Digital SLR Photography
9771751945025,Â£2.15,Power Rangers
9771751945971,Â£2.99,Power Rangers
9771752300113,,bolton evening news
9771752471035,,Inside Soap Yearbook Â£2.70
9771752621027,,SUDOKU PUZZLE COLLECTION
9771753119004,,Your Medway
9771753189007,,Grow It! (?2.75)
9771753244027,,Medway Messenger 70p
9771753489008,,Let's Knit magazine issue 13 Dec 08
9771753499007,Â£1.99,In The Night Garden
9771753499991,Â£2.25,In The Night Garden
9771753511068,,Look Â£1.50
9771753511075,,Look Â£1.00
9771753767014,Â£2.50,Chuggington
9771753767021,Â£2.50,Chuggington
9771754075026,Â£3.99,Star Wars insider
9771754075996,Â£4.99,Star Wars insider
9771754611019,,All About Animals Â£2.10
9771754611965,Â£2.99,All About Animals
9771754611996,,All About Animals Â£2.50
9771755305108,,Prestwich advertiser
9771755338205,,Guitar and Bass Magazine
9771755722950,Â£1.60,TV Quick North
9771755723032,,Tv choice book 40 p
9771755723964,85p,TV Choice North
9771755769009,Â£4.25,BBC Who Do You Think You Are?
9771755769016,Â£4.99,BBC Who Do You Think You Are?
9771755917011,Â£3.99,CSI Magazine
9771755917028,Â£4.99,CSI Magazine
9771756309464,,news and star newspaper
9771756625953,Â£2.99,Match of the Day Weekly
9771756625977,Â£4.99,Match of the Day Weekly
9771756853011,,Roary the Racing Car Â£2.15
9771756853981,Â£2.65,Roary the Racing Car
9771756853998,,Roary the Racing Car Â£2.75
9771756969002,Â£2.10,Disney Presents
9771756969996,Â£2.50,Disney Presents
9771757328150,,The Press
9771758020008,,magazine
9771758022040,Â£2.99,The Lancaster Bomber
9771758022057,,The Lancaster Bomber Â£4.99
9771758043007,25x19.5cm,Irish independent disney encyclopedia vol.5 wonders of the sea 
9771758289016,65p,Kent & Sussex Courier - Sussex
9771758412964,85p,TV Choice London/Anglia/Midlands
9771758413954,Â£1.60,TV Quick London/Anglia/Midlands
9771758554008,Â£2.50,WWE Kids
9771758554015,Â£2.60,WWE Kids
9771758554985,Â£4.99,WWE Kids
9771758554992,Â£2.99,WWE Kids
9771758652001,,lonely planet magazine
9771758833004,,Wired (UK) Magazine - May 2009
9771758895880,Â£1.99,Total TV Guide England
9771758949002,Â£2.45,Ben 10
9771758949972,Â£3.99,Ben 10
9771758949989,Â£2.99,Ben 10
9771758968003,,RAF 2009 Annual Review
9771759135015,Â£6.99,Britain's Model Trains
9771759631067,,free paper
9771759730012,,Medway News
9771759930009,Â£1.99,Chuggington
9771759930016,Â£2.50,Chuggington
9771759930986,Â£2.75,Chuggington
9771759930993,Â£2.50,Chuggington
9771759975017,Â£2.50,top gear turbo challenge mean machines 
9771787902009,,GameStar
9771810216141,Newspaper,Gazeta Rybaka (Fisherman's Newspaper)
9771810222005,News,Sdelka! (Deal!)paper
9771810229004,,WEG!
9771812406007,,with magazine
9771813346005,Newspaper,Komsomolskaya Pravda v Belorussii (Friday Issue)
9771813346012,Newspaper,Komsomolskaya Pravda v Belorussii
9771813796008,Newspaper,Telesem
9771815159009,,iWeek magazine - The Business Technology News Magazine for the Empowered Enterprise
9771815376772,Newspaper,Nauka Zdoroviya (Health Science)
9771817142009,,car magazine middle east
9771817548771,,smart money
9771818438774,Magazine,Karavan Collektsiya
9771819236775,Newspaper,Argumenty i Vremya (Arguments & Time)
9771819790604,Newspaper,Ya - zhenshchina! V lyuboy situatsii
9771819883009,Newspaper,Nedvizhimost Belorussii
9771832045002,Letter, 100pp
9771833688116,,sneaker freaker magaine
9771833758017,205 mm X 275 mm,Macworld Mac Basics Superguide Issue 001
9771834137002,,OK! weekly magazine (Australian edition)
9771835904009,220mm X 298mm 300grams ,Bodybuilders Bible Vol 1 No 2
9771846069001,A4,Livingstone Magazine
9771846818036,??,Vecernji list
9771860264000,,Booklet
9771870094000,,BLACK BOOK MAGAZINE
9771899657804,,magazyn o gwiazdach show
9771903746005,,Bilen magazine. www.bilenonline.dk
9771905649397,,Eclipse from the twighlight saga by stephenie meyer
9771911188002,Comic Book,Blind Ferret - Looking For Group (2007/Quarterly)
9771991532009,Newspaper,Respublika
9771991768002,,adventure africa
9771994603775,Newspaper,Auto News
9772035657009,Rivista,Rivista photo professional 
9772040081004,99p,How Your Body Works
9772040081011,Â£4.99,How Your Body Works
9772040171002,Â£2.70,Star Wars Clone Wars Comic
9772040171019,Â£2.50,Star Wars Clone Wars Comic
9772040820009,Â£3.95,World War II Re-enactors Magazine
9772040896004,Â£2.99,Pokemon Mania
9772040896011,Â£2.50,Pokemon Mania
9772041355005,Â£6.99,The History of Trout & Salmon
9772041596002,Â£1.30,Pocket Arrowords
9772041732004,Â£3.80,How It Works
9772041749002,Â£1.50,The Football League Paper
9772041838003,Â£3.49,Halloween Magazine
9772041955007,,Supercar Monthly Â£2.95
9772042026003,Â£5.99,Good Food Winter Collection
9772042027000,Â£7.99,Top Gear Portfolio
9772042067006,Â£5.99,Get Gardening
9772042107009,Â£6.99,Classic Porsche
9772042149009,Â£2.99,Littlest Pet Shop Comic
9772042196003,Â£1.95,Pick Me Up Puzzles
9772042205002,Â£5.99,Fresh Festive Cookery
9772042227004,Â£7.99,BBC F1 Season Review
9772042371004,99p,Dinosaur Discovery
9772042462009,,Good to know recipes magazine
9772044019003,,Farming Monthly National magazine
9772074886002,Newspaper,Avtobiznes
9773787048312,,stainless steel thermal traveler
9777104778319,,hp ink  #56 black
9777447007954,,Acne Paper - 9th Issue Winter - 09/10
9779219986924,,The Wall Street Journal
9779907347006,Â£5.99,Potty Training
9779907493000,Â£3.99,Codeword Yearbook 2010
9779983158015,,2600 the hacker quarterly.
9783036915050,CD,Robert Crumb - Hot Women: Women Singers From The Torrid Regions Of The World
9788838643842,,Fondamenti di C++ Seconda Edizione Herbert Schildt
9789078505112,CD,The Bollock Brothers - Last Will and Testament
9804091971109,,USB Speicherstick Goldbarren Imitation 8 GB
9804091971116,,HD Tischuhr Kamera mit 640x480 30fps Bewegungserkennung
9804091971123,,Spypen Ultra DÃ¼nne 4GB 1280x960 AuflÃ¶sung Foto Funktion
9804091971130,,web cam 1
9804091971147,,Sonnenbrille mit Kamera neue Version
9804091971154,,spion kamera in autoschlÃ¼ssel 1290x960 video&foto
9804091971994,,USB Speicherstick Goldbarren Imitation 4 GB
9804602250655,,Mens True Religion Jeans
9806032341019,,10 oz hot cups
9806502500007,3kg,Kit 4 camÃ©ras IntÃ©rieures/ExtÃ©rieures IR avec enregistreur DVR Stand alone
9809516618300,,Tisch uhr mit verstecker Video Kamera Bewegungserkennung 4GB TF Karte
9809516618317,,internet Radio & TV Stick
9809516618324,,Versteckte Clip-On mini Kamera 4gb 640x480 AuflÃ¶sung
9809516618331,,SpyPen mit 1280 X 960 30fps Video Kamera
9809516618348,,Mini DV RD52 mit Bewegungs Sensor 4GB T-F Karte
9809516618393,,12.1 zoll TFT LCD LED Schwarzer Digitaler Bilderrahmen 800x600 auflÃ¶sung MPEG1
9809516618409,,12 zoll TFT LCD Digitaler Bilderrahmen HD 1024X768 pixel auflÃ¶sung MPEG1
9809516618416,,10.2 Zoll Touchscreen Laptop/Notebook Intel Atom N270 1.6G 1G DDRII  160GB SATA  
9809516618423,,LED TASCHENLAMPE MIT KAMERA TF KARTENSLOT 4GB KARTE GRATIS
9809516618447,,Tisch uhr mit verstecker Video/Foto Kamera 640x480 4GB TF Karte
9809516618829,,C5000 Dual Sim Wifi Java TV Handy
9809516618881,,4GB Wasserdichte Spionarmbanduhr HD1290X960 VideoauflÃ¶sung
9809516618997,,Versteckte Kamera im AutoschlÃ¼ssel 1290x960 video&foto funktion 4gb tf karte gratis
9809516619833,,8GB SpyPen mit 1280 X 960 30fps Video Kamera
9809516619840,,Spy Kamera in Digital Uhr mit Bewegungs sensor 4GB speicher Karte gratis
9809516619994,,Spypen 4GB 1280X720 Video 1600x1200 Foto mit Bewegungserkennung automatischer Aufnahme Gratis Goldbarren-usbstick 2GB
9837477000209,,boost mobile
9845030009996,,Joose Flavored Malt Beverage (23.5 oz)
9854576284231,,mp3/mp4 player 1gb no name
9856973003491,,turkey fryer
9863289014929,,disney learning phonics and reading
9867111007028,,Spaced 3 disc dvd boxset
9870471837945,,french - a self-teaching guide
9870673123778,,dictionary
9875828478291,,CTL BR W 1P 1000S TT 4 COUNT
9876543219879,Fujitsu Siemens,Machine
9878493022158,9.88 oz,PlayStation Portable
9884085522746,8M,GUESS WOMENS SHOES WGHOLMES GOLD LEATHER UPPER
9887455002046,,spic and span
9888631890570,,jordan collezione 21/2
9899979495075,,Adventure Sports
